taxon,car01,car02,car03,car04,car05,car06,car07,car08,car09,car10,car11,car12,car13,car14,car15,car16,car17,car18,car19,car20,car21,car22,car23,car24,car25,car26,car27,car28,car29,car30,car31,car32,car33,car34,car35,car36,car37,car38,car39,car40,car41,car42
Taxon_12,2,1,0,1,0,0,0,0,1,1,0,1,0,?,0,0,1,0,0,2,0,1,0,0,0,0,0,0,0,0,0,0,0,0,2,1,1,0,0,0,0,0
Taxon_16,2,1,0,1,0,0,0,0,0,1,0,0,0,0,0,0,0,0,0,1,0,1,0,0,0,2,0,0,0,0,0,0,1,0,2,1,0,0,0,0,0,0
Taxon_01,0,1,0,0,0,0,0,0,0,0,0,1,0,0,0,0,0,0,0,0,1,1,0,?,0,0,0,0,0,1,0,0,0,0,2,0,0,0,0,0,0,0
Taxon_11,0,1,1,0,0,1,0,0,0,0,1,1,1,2,0,1,0,0,0,0,1,0,0,1,0,0,0,1,?,0,0,0,1,2,2,0,0,0,0,0,1,0
Taxon_07,1,1,1,0,0,0,0,0,0,0,0,1,0,0,0,0,0,0,0,1,1,1,0,0,0,0,0,0,0,1,0,0,0,0,2,0,1,0,0,0,0,0
Taxon_22,0,1,0,1,0,0,0,0,0,0,0,0,1,0,0,1,1,0,0,0,0,1,0,0,0,0,0,1,0,0,0,0,0,0,2,0,1,1,0,0,0,0
Taxon_13,?,0,0,0,0,0,0,0,0,0,0,0,0,0,1,0,0,0,0,2,0,1,0,1,0,0,1,1,0,0,?,0,1,0,2,0,0,0,0,0,0,0
Taxon_23,0,1,0,0,0,0,0,0,0,0,0,0,0,0,1,0,1,0,0,0,0,1,0,0,0,0,0,0,0,0,0,0,1,0,2,0,0,0,0,0,0,0
Taxon_21,0,1,0,0,0,0,0,0,0,0,0,0,0,0,0,0,0,0,0,?,0,1,0,0,0,0,0,0,0,0,0,0,0,0,2,0,0,0,1,0,0,0
Taxon_25,0,1,0,0,0,0,0,0,0,0,0,0,0,0,0,0,0,0,0,0,0,1,0,0,0,0,0,0,?,0,0,0,0,0,2,0,1,0,0,0,0,0
Taxon_05,0,1,?,0,1,1,1,1,0,1,1,0,1,0,0,0,0,0,0,0,0,1,0,0,0,0,0,0,0,1,0,0,0,0,2,1,0,0,0,0,0,0
Taxon_24,0,1,0,1,1,1,0,1,0,1,1,1,1,0,0,0,1,0,0,0,0,1,0,0,0,0,0,0,0,1,?,0,0,0,2,1,0,0,1,0,0,0
Taxon_17,0,0,0,0,0,0,0,0,0,0,0,1,0,0,0,0,0,0,0,1,1,1,0,0,0,0,0,0,1,0,0,0,0,0,1,0,1,0,0,0,0,0
Taxon_03,0,0,0,0,0,0,0,0,0,0,0,0,0,0,0,0,0,0,0,1,0,1,0,0,0,0,0,0,1,0,0,0,0,0,?,0,1,0,1,0,0,0
Taxon_19,0,0,0,0,1,0,0,0,0,0,0,0,0,0,0,0,0,0,1,0,0,1,0,0,0,0,0,0,0,0,0,0,0,0,2,0,0,0,0,0,0,0
Taxon_06,0,0,0,0,0,0,0,0,0,0,0,0,0,0,0,0,0,?,0,0,0,0,1,0,0,0,0,0,0,0,0,0,0,0,2,0,0,0,0,0,0,0
Taxon_09,0,0,0,0,0,0,0,0,0,0,0,0,0,0,0,0,0,0,0,0,0,0,?,0,0,0,0,0,0,0,0,0,0,0,2,0,0,0,0,0,0,0
Taxon_04,0,0,0,0,0,0,0,0,0,0,0,0,0,0,0,0,0,0,0,0,0,0,1,0,0,0,1,0,0,0,0,0,0,0,2,0,0,0,0,0,0,0
Taxon_18,1,0,0,0,0,0,1,0,?,0,0,0,1,0,0,0,1,0,0,1,1,0,0,0,0,0,0,0,0,0,0,0,0,0,2,0,0,1,0,0,0,0
Taxon_15,1,0,0,1,0,0,1,0,0,0,0,0,1,0,0,0,1,0,0,0,1,0,0,0,2,0,0,0,0,0,0,0,0,2,0,0,0,1,0,0,0,0
Taxon_10,1,0,0,1,0,0,1,0,0,0,0,?,1,0,0,0,1,0,0,0,1,0,0,0,2,0,0,0,0,0,0,0,0,2,0,0,0,1,0,0,0,0
Taxon_14,1,0,0,0,0,?,1,0,0,0,0,0,1,0,0,0,1,0,0,0,0,0,0,0,2,0,0,0,0,0,0,0,0,0,0,0,0,1,0,0,0,0
Taxon_08,1,1,0,0,0,0,1,0,0,0,0,0,1,1,0,1,1,2,0,0,0,?,0,0,0,0,0,0,0,0,0,0,0,0,0,0,0,0,0,0,0,0
Taxon_02,2,1,0,2,1,1,1,0,0,?,1,0,1,0,0,1,1,2,0,0,1,0,0,0,0,0,0,0,1,0,0,1,0,0,2,0,0,0,0,1,0,?
Taxon_20,0,1,0,1,0,0,1,0,1,1,0,1,1,0,0,1,0,2,1,2,1,0,1,0,0,0,1,1,0,0,0,0,0,0,1,0,1,1,0,0,0,0
