taxon,hoja_cm,semilla_mg,habito
Bursera_arborea,7.77,17.8,arbol
Bursera_cuneata,10.76,42.2,arbolito
Bursera_palmeri,17.12,39.7,arbusto
Bursera_simaruba,8.13,27.2,arbusto
Bursera_aptera,7.9,27.3,arbol
Bursera_morelensis,8.07,36.7,arbusto
Bursera_glabrifolia,6.23,33.4,arbusto
Bursera_linanoe,12.02,25.1,arbol
Bursera_grandifolia,14.86,37.7,arbol
Bursera_hindsiana,10.58,42.3,arbusto
Bursera_bipinnata,6.35,18.5,arbusto
Bursera_schlechtendalii,4.4,16.6,arbusto
Bursera_fagaroides,5.67,21.1,arbusto
Bursera_copallifera,6.56,20,arbol
Bursera_excelsa,7.57,40.1,arbolito
Bursera_lancifolia,21.1,35.6,arbol
Commiphora_africana,15.41,18.6,arbol
Boswellia_sacra,11.87,21.6,arbol
